id,name,contact,address,city,pc,country
1,"Kohler, O'Reilly and Wiegand",Sutton Kamenar,5 Pawling Avenue,Anaheim,92825,United States
2,"Hermann, Morar and Kirlin",Stacey Hurdwell,136 Cherokee Way,San Francisco,94154,United States
3,Hirthe-Green,Lorilyn Poon,7 Marcy Crossing,Lincoln,68517,United States
4,Konopelski Inc,Edouard Petters,2 Ridgeway Court,Corpus Christi,78405,United States
5,O'Hara-Zulauf,Kayley Elkington,7 Utah Way,Nashville,37245,United States
6,Leffler Inc,Fanya Rozier,8842 Daystar Point,Tampa,33673,United States
7,Macejkovic LLC,Tarrance Kimmings,852 Mifflin Hill,El Paso,79934,United States
8,Waters LLC,Jean Gowry,09 Golden Leaf Center,Wilmington,19892,United States
9,"Brown, Upton and Pfannerstill",Nealy Flaune,7830 Porter Way,Jacksonville,32236,United States
10,Ankunding Group,Marge Firminger,1 Magdeline Crossing,Richmond,23285,United States
11,VonRueden Group,Merrie Pendlington,7 Declaration Crossing,Peoria,61635,United States
12,"Gutmann, Armstrong and Fay",Gretta Vorley,39788 Eagle Crest Drive,Tulsa,74193,United States
13,"Doyle, Satterfield and Bode",Bethena Lubman,1 Debs Lane,Richmond,23203,United States
14,Lubowitz-Cremin,Bax Wattinham,05 Morning Lane,Beaumont,77705,United States
15,Muller LLC,Ara Dunaway,8515 Green Street,Oklahoma City,73179,United States
16,Wehner Group,Dorelia Moorcraft,0107 Walton Street,Mobile,36641,United States
17,Doyle Group,Dido Rabbitt,832 Oxford Park,Birmingham,35205,United States
18,King-Homenick,Van Verne,20524 Sloan Drive,Tuscaloosa,35487,United States
19,Bergnaum Inc,Arvie Ramsey,328 Novick Circle,New York City,10125,United States
20,"Thiel, Kutch and Rempel",Jeanelle Maxfield,0722 Portage Hill,El Paso,79977,United States
21,"Jacobson, Wisoky and Orn",Michelle Blowen,9 Glacier Hill Junction,Palatine,60078,United States
22,Ferry Group,Micky Imms,502 Ryan Alley,Sacramento,94263,United States
23,"Gulgowski, Abernathy and Feest",Maude Stannislawski,418 Hanover Alley,Indianapolis,46202,United States
24,Dibbert and Sons,Karlie Harby,742 Buena Vista Center,Austin,78726,United States
25,Gottlieb LLC,Karoly Whitfeld,21926 Spenser Crossing,Miami,33175,United States
26,Lubowitz Group,Spence Bletso,6 Glacier Hill Center,Detroit,48242,United States
27,Ruecker Inc,Edin Capon,8 Comanche Lane,Philadelphia,19172,United States
28,Heaney-Morar,Maressa Wolsey,238 Weeping Birch Plaza,Baltimore,21229,United States
29,"Schumm, Olson and Dickinson",Husain Hargroves,5421 Comanche Terrace,Monticello,55590,United States
30,Macejkovic Group,Filbert True,0 Summit Plaza,Los Angeles,90030,United States
31,"Homenick, Cartwright and Metz",Gert Gilliam,728 Kensington Trail,Memphis,38168,United States
32,Kling-Schultz,Viviyan Rockcliffe,29763 Prairie Rose Parkway,Garden Grove,92844,United States
33,"Ondricka, Wiegand and O'Kon",Clare Greson,0 David Hill,Toledo,43615,United States
34,O'Conner Group,Flo Hinkens,4260 Sundown Junction,Maple Plain,55572,United States
35,Boyle and Sons,Andrey Panks,4 Hintze Court,Tulsa,74184,United States
36,"Spencer, Ullrich and Marvin",Mei Licari,96686 Manufacturers Court,Reno,89519,United States
37,"Tremblay, Klocko and Cronin",Gilemette Muccino,595 Kingsford Avenue,Shreveport,71105,United States
38,Lindgren Inc,Duke Glowacz,4404 Riverside Court,Pittsburgh,15286,United States
39,"Hirthe, Gleason and Reichert",Egon Egan,47508 Maryland Park,Charleston,29424,United States
40,Hilpert-Durgan,Lissie Castiglione,405 Transport Street,Kansas City,66112,United States
41,"Dietrich, Kuhic and Waters",Stirling Matzen,098 Arrowood Point,Simi Valley,93094,United States
42,Marquardt-Legros,Ferd Lealle,58 Emmet Road,Tulsa,74108,United States
43,"Herzog, Jaskolski and Monahan",Lillian Paunton,00 Artisan Avenue,Portland,97229,United States
44,Larson and Sons,Merilee Kloser,18458 Grayhawk Center,Durham,27710,United States
45,Torphy and Sons,Christabella Wilce,99529 Stuart Hill,Albany,12247,United States
46,Klocko-Mante,Nadeen Portlock,081 Miller Crossing,Champaign,61825,United States
47,Herman-Kulas,Hannie Pervoe,45787 Brown Place,San Jose,95138,United States
48,Murphy-Gottlieb,Stacey Jones,5 Shoshone Hill,Saint Joseph,64504,United States
49,"Morissette, Greenholt and Greenfelder",Ermengarde Ravenscraft,15968 Elgar Trail,New York City,10125,United States
50,Hermiston LLC,Perri Castles,529 Waubesa Road,Orlando,32891,United States
51,Willms-Hudson,Marjorie Backes,4205 American Ash Place,Las Vegas,89110,United States
52,McLaughlin-Bartoletti,Zuzana Paramore,53 Milwaukee Road,Hicksville,11854,United States
53,Lubowitz LLC,Otha Lingfoot,76 Northfield Plaza,Kansas City,64190,United States
54,Bechtelar LLC,Reginauld Thames,0127 Hagan Avenue,Phoenix,85072,United States
55,Bahringer Inc,Allix Medeway,920 Barnett Avenue,Tuscaloosa,35487,United States
56,Fadel LLC,Christan Tofanini,80 Elka Circle,Waco,76705,United States
57,Considine LLC,Ram Bettley,98 Scott Crossing,San Francisco,94132,United States
58,Blick Group,Rollie O'Rafferty,223 Hayes Alley,Paterson,7522,United States
59,"Hauck, Roob and Haag",Isiahi Chilcotte,36 Starling Alley,Palmdale,93591,United States
60,Stiedemann-Hilpert,Ferguson Lavalde,5 Holmberg Road,Kansas City,66105,United States
61,Sporer LLC,Milena Meaney,12 Roxbury Alley,Little Rock,72209,United States
62,Luettgen-Swaniawski,Erl Semmens,51 Sycamore Park,Vancouver,98664,United States
63,DuBuque Inc,Karissa Pow,0 Graceland Avenue,Washington,20022,United States
64,Pfannerstill-Emmerich,Blythe Kenion,59877 Veith Court,Baton Rouge,70820,United States
65,"Friesen, Feil and Johnson",Gibbie Waples,0 Washington Place,New York City,10009,United States
66,"Lindgren, Jaskolski and Jenkins",Othello Horche,01 Hudson Junction,Columbus,43231,United States
67,Jacobi-Schmitt,Iorgo Beefon,27645 Reindahl Trail,Las Cruces,88006,United States
68,Raynor-Pagac,Feliks Boyet,7 Bashford Drive,San Diego,92153,United States
69,Kilback and Sons,Analiese Lipscombe,61 Petterle Park,Grand Rapids,49510,United States
70,Stokes-Runolfsdottir,Tonia Baroche,70 Hoard Center,Greensboro,27499,United States
71,"Maggio, Reilly and Wilkinson",Alley Lisett,6 3rd Park,New Bedford,2745,United States
72,Grady and Sons,Geoffrey Paine,6 Valley Edge Drive,Honolulu,96850,United States
73,Erdman-Lind,Roger Starbuck,0972 Maple Wood Road,Charleston,25362,United States
74,Erdman Group,Leonanie Riccione,7 Schurz Center,Columbus,43220,United States
75,Wiza-Satterfield,Cathyleen Hurdidge,47 Dorton Hill,Sacramento,94237,United States
76,Effertz-Wehner,Elsa Caudelier,685 Fallview Point,Tyler,75710,United States
77,"McDermott, Jerde and Borer",Karissa Swaisland,8 Vahlen Avenue,Tulsa,74103,United States
78,Koch-Grady,Fraze Dripps,8 Little Fleur Court,Roanoke,24009,United States
79,Sauer-Deckow,Dyan Duerden,6 Bay Court,Philadelphia,19141,United States
80,Marquardt LLC,Kikelia Couldwell,67920 Dottie Parkway,Tacoma,98442,United States
81,Donnelly Group,Edith Maass,58244 West Terrace,Shreveport,71137,United States
82,Buckridge-Sauer,Cordy Winwood,81251 Forest Avenue,Durham,27705,United States
83,Ryan LLC,Frannie Droogan,253 Dovetail Park,El Paso,79934,United States
84,"Hagenes, Wiegand and Lueilwitz",Gusty Capron,0826 Kim Avenue,Tulsa,74116,United States
85,McClure-Hettinger,Malia Cammish,14316 Namekagon Terrace,Brooklyn,11254,United States
86,Hudson-Carroll,Dina Pattesall,6580 Mifflin Center,Cincinnati,45999,United States
87,Mitchell Group,Chandler Worts,426 Scott Avenue,Honolulu,96835,United States
88,"D'Amore, Barton and Baumbach",Klement Newrick,03 Meadow Vale Circle,Atlanta,31136,United States
89,Trantow-Osinski,Meriel Crus,2220 Roxbury Junction,Charleston,25326,United States
90,Hyatt-Hudson,Gamaliel Nellies,62764 Milwaukee Avenue,Fullerton,92835,United States
91,"Metz, West and Cormier",Cyb Lindl,422 La Follette Road,Jackson,39236,United States
92,Pfannerstill Inc,Serena Hayworth,7 Acker Trail,Los Angeles,90071,United States
93,"Schuppe, Lueilwitz and Oberbrunner",Ranique Catchpole,72 Messerschmidt Street,Mountain View,94042,United States
94,"Gutkowski, Trantow and Ryan",Roby Oleksinski,6843 Holy Cross Lane,Bethlehem,18018,United States
95,Marvin-Kerluke,Christine Maseyk,93 La Follette Plaza,Charleston,29424,United States
96,"Ondricka, Ratke and Schmitt",Kissee Whiting,86 Sauthoff Circle,Katy,77493,United States
97,Schinner and Sons,Amalle Philpott,2605 Cordelia Trail,Columbus,31914,United States
98,Fahey LLC,Laureen Ancell,6 Crowley Park,Glendale,91210,United States
99,Nolan and Sons,Drucill Grigorio,85530 Anderson Park,Tuscaloosa,35487,United States
100,Buckridge-Renner,Evie Pardon,025 Nelson Pass,Jacksonville,32230,United States
101,Hermiston LLC,Shurlock Brammall,7411 Erie Plaza,Fuxin,,China
102,Adams and Sons,Bartlet Lanchbery,36 Straubel Hill,Huadian,,China
103,Friesen Inc,Glynda Riddeough,74613 Utah Plaza,Shanhou,,China
104,Huel and Sons,Moyra Le Gallo,4 Cherokee Terrace,Gaoxu,,China
105,Schowalter-Kemmer,Sofie Cohn,49239 Macpherson Center,Aotou,,China
106,"Ziemann, Rippin and Breitenberg",Artemas Doswell,078 Blaine Place,Agraharam,532663,India
107,Rice and Sons,Fionnula Elstone,1 Bartillon Trail,Sadar Bazar,281002,India
108,Schowalter-Quitzon,Jemimah McLagan,34169 Emmet Crossing,R S,395003,India
109,"Reynolds, Olson and Ryan",Hilary Shortall,0 Hollow Ridge Road,Sadar Bazar,281002,India
110,O'Connell-Larkin,Melina Petel,6 Karstens Pass,Agraharam,532663,India
111,Kautzer-Raynor,Maddie Blesing,23049 1st Circle,Ballinteer,D6W,Ireland
112,Leannon and Sons,Hale Brilleman,4592 Leroy Point,Gose,649-7153,Japan
113,"Tromp, Rice and Rice",Tracie Bowdler,0903 Gina Lane,Benito Juarez,96720,Mexico
114,"Brakus, Watsica and Murray",Ludwig Piaggia,8 Sycamore Pass,Spånga,163 41,Sweden
115,Padberg Inc,Eddy Yeabsley,57 Colorado Center,Komatsu,999-8317,Japan
116,Schaefer-Gleichner,Simonne Perotti,1076 Corscot Road,Cartagena,30204,Spain
117,Wuckert LLC,Ham Canadas,6650 Derek Avenue,Sakado,929-0417,Japan
118,Adams and Sons,Ethelind Yitzovicz,8 Del Sol Terrace,Hörby,242 35,Sweden
119,Gutmann LLC,Granthem Malamore,86 Harbort Court,Stenungsund,444 24,Sweden
120,Ratke Group,Aeriell Rolph,51748 Ronald Regan Park,Tokorozawa,988-0057,Japan
121,Wyman-Lakin,Dyna Ellingford,26 Roth Center,Helsingborg,252 30,Sweden
122,Jacobi and Sons,Marianne Wrangle,7117 Center Place,San Francisco,36441,Mexico
123,"Yost, Champlin and Feest",Mara Tonkin,8297 Bluestem Alley,Göteborg,416 80,Sweden
124,Schuster-McLaughlin,Audrey Gianuzzi,14093 Boyd Plaza,Dublin,D04,Ireland
125,"Hoppe, Abshire and Kshlerin",Sosanna McGing,77446 Forest Run Center,Stockholm,118 92,Sweden
126,"Kozey, Bosco and Yundt",Caroljean Sant,02473 Glendale Court,San Jose,41963,Mexico
127,"Schuppe, Weimann and Hodkiewicz",Armando Elkin,65230 Sachs Place,Enniskerry,D18,Ireland
128,Ondricka-Gorczany,Gilbert Jozsef,3253 Schlimgen Road,Miguel Aleman,94107,Mexico
129,Feest and Sons,Raddy Barefoot,4070 Little Fleur Terrace,Anahuac,92035,Mexico
130,"Rice, Lowe and Cruickshank",Batholomew Gilhespy,11105 Kensington Alley,Mizunami,957-0048,Japan
131,Baumbach-Bernier,Luella Nornasell,824 Dahle Lane,Kariya,969-1619,Japan
132,Cole-Marvin,Danila Middle,1579 West Way,Hekinan,475-0803,Japan
133,Homenick-Harber,Rikki Vuitte,0 Hauk Plaza,Buzen,871-0921,Japan
134,Lind Inc,Mommy Tocknell,35 Forest Street,Susaki,987-0352,Japan
135,"Schowalter, Franecki and Glover",Pepi Bernardo,5031 Oakridge Lane,Halmstad,302 30,Sweden
136,"Farrell, King and Friesen",Osbourn Pitcaithly,66 Coleman Junction,Luleå,971 29,Sweden
137,Lueilwitz-Botsford,Noemi Britee,33 Elmside Road,Ōta,373-0862,Japan
138,"Hodkiewicz, Schumm and Schaden",Reinaldos Pridham,25 Debs Center,Järna,153 38,Sweden
139,Predovic-Rempel,Conni Cocks,736 8th Lane,Edosaki,300-0636,Japan
140,Yundt Group,Odelle Maylin,45 Corben Hill,Linköping,586 63,Sweden
141,Pacocha-Gerlach,Tasha Skyram,69 Hagan Drive,Onsala,439 24,Sweden
142,Ernser Group,Audre O'Leagham,09583 Lillian Circle,Shizukuishi,680-1166,Japan
143,"Schroeder, Hintz and Bogisich",Gigi Licciardo,625 Mayer Court,San Isidro,60284,Mexico
144,"Wilkinson, Stroman and Langosh",Jobye Minshaw,74 Ridgeway Court,Kristinehamn,681 37,Sweden
145,Willms-Lehner,Caddric Duffitt,83 Macpherson Street,Farsta,123 71,Sweden
146,Cremin LLC,Constancia MacGoun,75 Stoughton Junction,Södertälje,151 44,Sweden
147,"Hilpert, Langosh and Runte",Ailee Salter,76 Dawn Place,Obrera,32050,Mexico
148,Ullrich-Prohaska,Dyanna McLeish,146 Forest Center,Frösön,832 93,Sweden
149,Sipes Inc,Jaynell Bayston,72 Kennedy Alley,Misawa,992-1202,Japan
150,"Waelchi, Turner and Turner",Cora Argabrite,8831 Mcbride Park,Stockholm,114 84,Sweden
151,Blanda-Senger,Johanna Fitzroy,4 Bartillon Drive,Kramfors,872 24,Sweden
152,Stokes-Rempel,Ambrosio Rashleigh,18 Quincy Lane,Ystad,271 22,Sweden
153,"Jacobi, King and Cassin",Carmella Smails,52870 Summerview Terrace,San Miguel,58805,Mexico
154,Koelpin LLC,Ephrayim Van Velde,64369 Alpine Crossing,Vällingby,162 61,Sweden
155,Torp-Bins,Stephana Hibbart,6 Vernon Lane,Höllviken,236 41,Sweden
156,Mosciski and Sons,Constantina Gilliatt,19 Westerfield Court,Narutō,289-1343,Japan
157,Stamm Inc,Randene Ortiga,631 Schmedeman Circle,Avesta,774 24,Sweden
158,"Lowe, Vandervort and Howell",Vida Tutt,50970 Moulton Place,Hidalgo,30625,Mexico
159,"Hilpert, Wehner and Schultz",Jarrid Wheble,4 Weeping Birch Center,Salerno,84124,Italy
160,Ward-Green,Florentia Isaq,67396 Red Cloud Parkway,Naka,999-0601,Japan
161,Gorczany-Stokes,Lucius Iggulden,8458 Daystar Road,Hasuda,349-0115,Japan
162,Denesik Inc,Leanna Clendinning,99 Starling Road,Edosaki,300-0636,Japan
163,"Aufderhar, Mueller and Gottlieb",Joshia Bryer,7 Kedzie Crossing,La Soledad,68430,Mexico
164,"MacGyver, Cummerata and VonRueden",Kristofer Anderl,8346 Kropf Junction,Bollnäs,821 80,Sweden
165,Haley-Baumbach,Verna Dudding,355 Lawn Crossing,Amado Nervo,63455,Mexico
166,Daugherty Group,Lexi Heigold,1543 2nd Court,Ulricehamn,523 32,Sweden
167,Hoeger-Heathcote,Allis Rolstone,6 Di Loreto Junction,Visby,621 75,Sweden
168,Sporer LLC,Sheilakathryn Atling,53 Kinsman Pass,Forshaga,667 30,Sweden
169,Balistreri and Sons,Marta Ridgedell,04 Doe Crossing Crossing,Namie,979-1543,Japan
170,Prohaska Group,Shurlocke Izkoveski,247 Reinke Avenue,Lazaro Cardenas,40160,Mexico
171,"Block, Ledner and Friesen",Krystyna Gaddie,96 Fair Oaks Hill,Emmaboda,361 92,Sweden
172,"Bechtelar, Kuvalis and Hills",Daisi Hickisson,26 Jana Plaza,Ashbourne,A84,Ireland
173,Schneider-Kutch,Mariska Lante,28 Huxley Point,Hasuda,349-0115,Japan
174,Renner LLC,Worthington Gethins,357 Lukken Trail,Stockholm,101 56,Sweden
175,"Cremin, Jones and Shanahan",Bald Whitelock,3 Canary Point,Stockholm,121 29,Sweden
176,Larson-Hane,Obediah Collecott,2587 Mallory Center,Wakkanai,763-0231,Japan
177,"Bayer, Turner and Wolf",Marchelle Rymill,848 Pine View Junction,Göteborg,400 94,Sweden
178,Wisoky-Herzog,Georgetta Alloway,9 Old Gate Avenue,Västerhaninge,137 24,Sweden
179,"Cronin, Wisozk and Tromp",Dodi Woodham,4 Bluejay Junction,Tōno,326-0036,Japan
180,"Waters, Kris and Kovacek",Pammi Jansky,15 Gale Crossing,Hobart,7803,Australia
181,Cormier-King,Trina Yanov,0 Killdeer Pass,Fujinomiya,421-3305,Japan
182,"Glover, Wyman and Kertzmann",Elias Duckitt,06434 Rigney Place,Tonoshō,761-4154,Japan
183,Beer-Kessler,Falito Sheaber,804 Homewood Circle,Perstorp,284 32,Sweden
184,"Carroll, Fritsch and Russel",Fidel Bouttell,98112 Tennyson Avenue,Varberg,432 30,Sweden
185,Weber and Sons,Dulcinea Timperley,041 Birchwood Plaza,Furukawa,963-8823,Japan
186,Streich and Sons,Trever Borrell,0985 Prairieview Parkway,Svenljunga,512 24,Sweden
187,Kemmer LLC,Ike Tompkiss,898 5th Plaza,Shido,769-2101,Japan
188,"Doyle, Schaden and Bruen",Hailee Grabham,76708 Helena Circle,Mölndal,431 10,Sweden
189,Adams-Goyette,Sergio Kennham,35605 Walton Parkway,Lidingö,181 23,Sweden
190,"Friesen, Gerlach and Buckridge",Gretta Whitlaw,45913 Debra Way,Falun,791 26,Sweden
191,"Mitchell, Walter and Weissnat",Muhammad MacNeachtain,202 Express Park,Los Fresnos,88290,Mexico
192,Dietrich-Koepp,Lothario Monget,0162 Melody Alley,Hova,548 32,Sweden
193,Fahey LLC,Oona Canfer,86 Loeprich Parkway,Leon,24010,Spain
194,"Muller, Feeney and Gorczany",Ulises Vedenisov,5386 Dahle Way,Vista Hermosa,93608,Mexico
195,Christiansen Group,Elisabetta Bloor,07734 Del Mar Terrace,Ferrol,15490,Spain
196,"Welch, Torp and Quigley",Joela McCritichie,12609 Continental Drive,Göteborg,411 00,Sweden
197,"Johns, Cremin and Mayer",Jason Thornley,81 Del Sol Crossing,Uppsala,757 59,Sweden
198,"Tromp, Monahan and Roob",Elsi Plowell,74723 Bluejay Drive,Oranmore,D12,Ireland
199,Tremblay-White,Elspeth Keneleyside,2 Anthes Plaza,Arroyo Seco,41821,Mexico
200,"Altenwerth, Hirthe and Wolf",Bertrando Ranstead,8 Thompson Hill,Tsuruoka,669-5313,Japan
201,"Kreiger, Dare and Jakubowski",Oliver Nockolds,6 Pine View Way,Sutton,CT15,United Kingdom
202,Grimes LLC,Humberto Shanklin,06709 Monica Terrace,Itaporanga,18480-000,Brazil
203,"Kling, Murray and Skiles",Arlinda Hanscomb,192 Vidon Parkway,Bochum,44869,Germany
204,Stokes LLC,Elissa Heersma,08902 Bunker Hill Parkway,Boulogne-sur-Mer,62222 CEDEX,France
205,"Morar, Schmeler and Padberg",Jessee Guilayn,2 Luster Junction,Hyères,83404 CEDEX,France
206,Nolan-Runte,Bethany Hughesdon,058 Glacier Hill Avenue,Posse,73900-000,Brazil
207,Tillman Inc,Jill Yapp,305 Northfield Court,Brusque,88350-000,Brazil
208,Roob-Morissette,Dietrich Haslehurst,75637 Anniversary Lane,Issy-les-Moulineaux,92782 CEDEX 9,France
209,Haley Inc,Datha Bambery,3 Brown Hill,São João da Boa Vista,13870-000,Brazil
210,DuBuque Group,Gran Stendall,79 Twin Pines Trail,Formiga,35570-000,Brazil
211,Balistreri-Hane,Chen Thurstance,68 Spenser Pass,Aberdeen,AB39,United Kingdom
212,"Kuhic, Daniel and Auer",Torey Kohrding,08399 Spohn Place,Sacramento,38190-000,Brazil
213,Schowalter Inc,Stewart Skoyles,486 Susan Court,Remscheid,42897,Germany
214,"Runte, Keeling and Ledner",Cinnamon Lindeberg,0642 Ridge Oak Lane,Saint John,E2L,Canada
215,"Stiedemann, Donnelly and Murphy",Dosi Bloxholm,24 Shoshone Circle,Abaeté,35620-000,Brazil
216,Johns and Sons,Renato Bulloch,26757 Carey Trail,Arapongas,86700-000,Brazil
217,Friesen Inc,Aileen Slingsby,7079 Rieder Center,Bremen,28239,Germany
218,"Beier, Johns and O'Keefe",Shurlock Ruste,5 Macpherson Crossing,Paris 09,75312 CEDEX 09,France
219,"Russel, Heathcote and Rempel",Willetta Freebury,75 Dottie Center,Jaguaquara,45345-000,Brazil
220,"McLaughlin, Ullrich and Beatty",Glenda Dellit,841 Barnett Terrace,Paris 13,75706 CEDEX 13,France
221,Willms LLC,Cynthie Brandacci,03407 Ridgeway Circle,Bremen,28355,Germany
222,Maggio Group,Melodie Spittle,13863 Bellgrove Alley,Marne-la-Vallée,77316 CEDEX 2,France
223,Jacobs-Yundt,Fields Hatzar,1 Westerfield Pass,Aracruz,29190-000,Brazil
224,"Gerhold, Emard and Hirthe",Vittoria Sprigg,0 Northland Point,Biggar,N1S,Canada
225,Bailey-Cummerata,Dur Pawlyn,8 Memorial Pass,Barra,47100-000,Brazil
226,"Wilderman, Legros and MacGyver",Leon Babalola,93 Northfield Street,Marseille,13219 CEDEX 02,France
227,Lubowitz-Funk,Windy Strick,36 Dovetail Park,Iracemápolis,13495-000,Brazil
228,Hartmann-Mayer,Lukas Harbertson,4227 Northport Circle,Canindé,62700-000,Brazil
229,Ullrich-Gleichner,Bearnard Blackboro,400 Upham Point,Sicamous,G2L,Canada
230,Huels-Little,Jacinta Sharpling,9 Sloan Place,Capanema,85760-000,Brazil
231,Huels-Pollich,Lowrance Janicek,3 Kensington Center,Lyon,69406 CEDEX 03,France
232,Lang-Jacobi,Gracie Tidman,508 Myrtle Lane,Saint-Avold,57509 CEDEX,France
233,Purdy Inc,Mandie Print,6 Norway Maple Place,Créteil,94019 CEDEX,France
234,Kautzer-O'Connell,Hoebart Russell,63 Warrior Court,Curitiba,80000-000,Brazil
235,Sanford and Sons,Raymund MacAne,41 Merry Terrace,Lyon,69406 CEDEX 03,France
236,Gerlach-Littel,Jed Klewer,56130 Johnson Junction,Perpignan,66945 CEDEX,France
237,Bruen and Sons,Corbet Behr,707 Rutledge Road,Marseille,13298 CEDEX 20,France
238,"Nicolas, Russel and Jerde",Eddie De Avenell,5 Schurz Place,Itaberaí,76630-000,Brazil
239,Jenkins-McCullough,Nickolas Hanna,02519 Tony Lane,Juàzeirinho,58823-000,Brazil
240,Klein-Hettinger,Vida Sporle,68 Mifflin Hill,Caldas Novas,75690-000,Brazil
241,Schmitt Inc,Monah Cullotey,605 Clove Park,Medianeira,85884-000,Brazil
242,"Koss, Harber and Marks",Angie Pilcher,5 Debra Alley,Toulouse,31059 CEDEX 9,France
243,Witting LLC,Barty Mainland,63 Veith Pass,Pouso Alegre,37550-000,Brazil
244,Jones-Tremblay,Coleen Lamplough,9 Sheridan Pass,Alençon,61004 CEDEX,France
245,Glover Group,Wilona Carnow,82 Morningstar Alley,Redon,35605 CEDEX,France
246,Jacobi-Cartwright,Esra Lealle,54 Cherokee Lane,Guaratuba,83280-000,Brazil
247,Weimann Inc,Colas Fynn,80522 Hollow Ridge Hill,Leeds,LS6,United Kingdom
248,Moore LLC,Sherlocke Urwin,058 Loeprich Crossing,Campbellton,E3N,Canada
249,"Tromp, Leuschke and Oberbrunner",Jasun Eydel,61990 Ramsey Parkway,Saint-Pierre-des-Corps,37705 CEDEX,France
250,Keebler and Sons,Etti Branno,68 Pierstorff Lane,Fernando de Noronha (Distrito Estadual),39450-000,Brazil
251,Bernhard Inc,Allina Hryncewicz,834 Kennedy Hill,Berlin,14199,Germany
252,Kreiger Group,Merrick Hovenden,42 Menomonie Hill,Rio Brilhante,79130-000,Brazil
253,"Orn, Mraz and Rau",Dyanna Urling,77 Troy Place,Carandaí,36280-000,Brazil
254,"Gusikowski, Pouros and Nienow",Dolph Pittman,26 Manley Place,Saint-Chamond,42404 CEDEX,France
255,Spinka-Bashirian,Gerrie Biggin,659 Weeping Birch Avenue,Divinópolis,35500-000,Brazil
256,Flatley-Collins,Jacquie Varah,9848 Fieldstone Way,Ceará Mirim,59570-000,Brazil
257,Abbott Inc,Langston Gimbrett,15 Quincy Crossing,Guarabira,58200-000,Brazil
258,Welch-Lesch,Stephine Tomes,68737 Maple Lane,Itápolis,14900-000,Brazil
259,Lebsack Inc,Hortense Mokes,6 Corry Crossing,Caen,14074 CEDEX 5,France
260,Baumbach-O'Connell,Halsey Briddock,58777 Ilene Circle,João Monlevade,35930-000,Brazil
261,"Schiller, Keeling and Bartell",Hermia Lamdin,1 Luster Trail,Viçosa do Ceará,62300-000,Brazil
262,Altenwerth and Sons,Hulda Legat,4728 Scott Junction,Piraju,18800-000,Brazil
263,"Grant, Roob and Heathcote",Kiele Joris,94 Mockingbird Avenue,Morinville,T8R,Canada
264,Reichert-Konopelski,Eugenio Bartlomieczak,1195 Hauk Parkway,Santo Antônio de Pádua,28470-000,Brazil
265,"Rath, Trantow and Wiza",Tabby Jandourek,39534 Miller Trail,La Rochelle,17014 CEDEX 1,France
266,"Wunsch, Watsica and Wolf",Gwennie Uttridge,5 Red Cloud Circle,Ilha Solteira,15385-000,Brazil
267,"Ebert, O'Kon and Hyatt",Tonia Selly,65 Shelley Point,Cruzeiro,12700-000,Brazil
268,"Schuppe, D'Amore and Pouros",Roddie Geffe,83867 Hanover Alley,Billère,64145 CEDEX,France
269,Yost-Hyatt,Annissa Pymar,6498 Golf View Trail,Caluire-et-Cuire,69649 CEDEX,France
270,Okuneva-Daugherty,Darsie Gerson,7518 Mccormick Junction,Preston,PR1,United Kingdom
271,"Marks, Monahan and Boyle",Rem Meas,5 Rieder Pass,Vulcan,V6M,Canada
272,"Kirlin, Smitham and Luettgen",Marcelle Burnsall,0 Independence Avenue,Itaberaí,76630-000,Brazil
273,"Anderson, Bahringer and Champlin",Peggy Dumphy,17448 Bowman Lane,Aubenas,07204 CEDEX,France
274,Gutmann LLC,Karole Bearman,3 Roxbury Pass,Cap-Santé,N0H,Canada
275,"Brown, Lubowitz and Wisozk",Alis Sabathe,25 Swallow Avenue,Mulhouse,68947 CEDEX 9,France
276,Kuhn Group,Donnie Baiyle,646 Oneill Junction,Nantes,44302 CEDEX 3,France
277,Kub-Gibson,Andi Bursnoll,82295 Fairfield Lane,Massy,91881 CEDEX,France
278,Bartell and Sons,Jacklin Soanes,468 Brown Way,Bom Jesus da Lapa,47600-000,Brazil
279,Casper Inc,Warden Westwick,9 Moland Terrace,Imbituba,88780-000,Brazil
280,Berge-Strosin,Nady McQuorkell,12808 Judy Way,Sainte-Anne-des-Plaines,J4X,Canada
281,Padberg Inc,Dewain Tolcher,4763 Annamark Crossing,Deauville,14804 CEDEX,France
282,"Ryan, Crist and Hermann",Addi Philippart,36 Harbort Junction,Vélizy-Villacoublay,78942 CEDEX,France
283,King-Kessler,Timoteo Keely,22248 Fisk Way,Santa Rita do Passa Quatro,13670-000,Brazil
284,"Boyer, Gutmann and Stark",Ethe Yurasov,4 Ryan Road,Rambouillet,78514 CEDEX,France
285,Denesik-Weissnat,Tanhya Waddingham,33755 Hazelcrest Lane,São Sebastião,11600-000,Brazil
286,Nienow Inc,Averyl Gresswell,397 5th Junction,Boa Vista,69300-000,Brazil
287,Friesen Group,Leslie Matthessen,7129 Manley Center,Calmar,S0G,Canada
288,"Hudson, Schimmel and Cruickshank",Nigel Stivani,36842 Haas Point,Paris 11,75547 CEDEX 11,France
289,Steuber LLC,Agnesse Oulett,62 Holy Cross Drive,Dresden,1189,Germany
290,"Lueilwitz, Daugherty and Schmidt",Saloma Matzke,5 Fair Oaks Lane,Vierzon,18104 CEDEX,France
291,Spencer and Sons,Moe Bahls,5 Rigney Lane,Schroeder,89275-000,Brazil
292,"Moore, Jaskolski and King",Torre Venney,56 Nobel Circle,Esperantina,77993-000,Brazil
293,Emard Inc,James Ricardet,0240 Barby Way,Saint-Malo,35409 CEDEX,France
294,"Hettinger, Lindgren and Bahringer",Lisle MacAndrew,23 Ridge Oak Alley,Igarapava,14540-000,Brazil
295,"Bernhard, King and Okuneva",Albert Drohan,9731 Sachtjen Park,Araguari,38440-000,Brazil
296,"Rosenbaum, Cartwright and Tremblay",Eydie Fairhurst,45 Kinsman Center,Strasbourg,67928 CEDEX 9,France
297,"Senger, McClure and Kling",Waiter Magnar,92512 Westend Road,Araguari,38440-000,Brazil
298,"Tremblay, Erdman and Shields",Marget Langfitt,95 Westridge Crossing,Indaial,89130-000,Brazil
299,"Padberg, Gutmann and Strosin",Ethelin Ellerton,920 Ilene Junction,Atalaia,87630-000,Brazil
300,"Botsford, Kreiger and Ratke",Sallyann Thexton,9 Daystar Crossing,Melun,77004 CEDEX,France
